itstId,itstNm,mapCtptIntLat,mapCtptIntLot,,,
10,난곡우체국앞,37.4777135,126.9153603,,,
1007,우리은행암사,37.5547454,127.1364893,,,
101,수서역,37.4873221,127.101742,,,
1014,선사사거리,37.5547665,127.1291998,,,
1015,대한볼링협회,37.5311298,127.137503,,,
1016,강동아트센터,37.5517116,127.1563351,,,
1017,명일여고앞,37.5491714,127.1493232,,,
1029,풍납사거리,37.528011,127.1191417,,,
1030,방이2동주민센터,37.5145952,127.1148971,,,
1031,개롱근린공원,37.4932805,127.1296167,,,
1037,아시아선수촌정문,37.5097733,127.0788142,,,
1038,광평교,37.4896637,127.1091864,,,
1040,신림교입구,37.4824117,126.9298743,,,
1041,관악소방서,37.4739563,126.9530389,,,
1042,롯데백화점관악,37.4898846,126.9253618,,,
1047,은천로입구,37.4863436,126.9350321,,,
1049,당곡초교입구,37.488432,126.9301134,,,
1057,삼성아파트삼거리,37.5433189,127.1023666,,,
1058,올림픽대교북단,37.5411583,127.095843,,,
1059,구의사거리,37.5450815,127.085301,,,
1062,광산사거리,37.643182,127.0223348,,,
1063,번동사거리,37.6354763,127.0338317,,,
1066,우리은행중화,37.6053721,127.0787309,,,
1068,신내차량기지,37.6129609,127.1013286,,,
1069,동일로지하차도,37.5950098,127.0803091,,,
107,래미안파크팰리스,37.4971179,127.1325641,,,
1070,석관지구대앞,37.6110042,127.0626167,,,
1071,광운대입구,37.6169501,127.056418,,,
1073,서울과학기술대입구,37.6289119,127.0713419,,,
1074,노원자동차검사소,37.6379678,127.0724311,,,
1075,중계경남아파트,37.6435364,127.0648555,,,
1077,중계역,37.6455616,127.0638932,,,
108,수협은행압구정,37.52364,127.0283351,,,
1082,리치다이아몬드호텔,37.647864,127.0157962,,,
1086,수유시장앞,37.6306573,127.024451,,,
1088,강월초교입구,37.5170546,126.8394136,,,
1089,노해근린공원,37.6491922,127.0695663,,,
109,서초삼성스위트아파트,37.4953066,127.0250233,,,
1091,내발산초교앞,37.5508022,126.8363575,,,
1092,강서소방서,37.558026,126.8609272,,,
1102,온수삼거리,37.4931506,126.8374117,,,
1103,동부제강입구,37.4916277,126.8326653,,,
1104,목동야구장,37.528839,126.8803406,,,
1108,역말사거리,37.6058605,126.9153867,,,
1109,서울혁신파크,37.608822,126.9313876,,,
111,현대빌딩본관,37.5773531,126.9881574,,,
1112,은천치안센터,37.4830837,126.9437765,,,
1114,청룡초교,37.4757545,126.9527111,,,
1117,관악구청,37.4787077,126.952316,,,
1123,대치삼성아파트앞,37.4982423,127.0588972,,,
1125,도구로입구,37.4788254,126.9896875,,,
1126,오륜주유소,37.5094109,127.1406962,,,
1129,광진교북단삼거리,37.5468186,127.1058991,,,
1132,신월마이홈아파트,37.5225465,126.8479725,,,
1133,양화교밑,37.5471526,126.8804472,,,
1134,신서중,37.5154598,126.8549984,,,
1137,서울시설공단남단,37.5717896,127.0379466,,,
1141,목동중학교앞,37.5197869,126.8724966,,,
1142,광영여고,37.5392483,126.8241611,,,
1147,강서구청,37.5515969,126.8494681,,,
1148,등촌동,37.5579696,126.8445957,,,
1149,신월초교입구,37.5405044,126.8362387,,,
1156,양강중,37.5240653,126.850906,,,
1157,열병합발전소앞,37.5392572,126.885634,,,
1159,광남중고교입구,37.5392679,127.0983676,,,
1165,먹골역,37.6122201,127.0774212,,,
1167,우리은행태릉역지점,37.6155455,127.0763599,,,
1168,길음역,37.6042801,127.0251618,,,
1172,공릉역,37.6256089,127.0730069,,,
1173,노원구청,37.6536533,127.0576018,,,
1174,창원초교,37.6517571,127.0415856,,,
1175,귀뚜라미연구소,37.5618654,126.8271627,,,
1178,메이필드호텔,37.549146,126.8164821,,,
1179,우장산역,37.5479585,126.8363561,,,
1181,불암지구대,37.6522204,127.0775849,,,
1183,서초푸르지오써밋,37.5017678,127.0219365,,,
1184,신계초교,37.6299598,127.0540575,,,
1188,녹번초교,37.603529,126.9254019,,,
1190,방화사거리,37.5734357,126.8114452,,,
1192,거리공원오거리,37.497489,126.8931062,,,
1194,수동물병원,37.4985483,126.8859459,,,
1195,계남공원,37.5099471,126.8581124,,,
1197,신도고교,37.6304785,126.9192546,,,
1198,한국환경산업기술원,37.6095274,126.9329975,,,
1199,영보빌딩은평,37.6164644,126.9188239,,,
1201,대림부동산,37.4842028,126.9397976,,,
1202,병천순대,37.483251,126.9422263,,,
1203,진광공업사,37.4823876,126.9507765,,,
1204,유수지삼거리,37.526944,127.1216188,,,
1207,서이지구대,37.4925273,127.0282361,,,
1210,동방사우나,37.5217478,126.8464293,,,
1211,대한도시가스,37.4983006,127.0761548,,,
1213,장지IC하향,37.4697198,127.1246679,,,
1217,역촌시장,37.6124172,126.9153304,,,
1219,홍대역2번출구,37.5567035,126.9236053,,,
1221,언북중학교,37.5200047,127.0345078,,,
1222,망우금호아파트,37.6003969,127.1095853,,,
1223,삼부그린체육센터,37.6071913,127.1009568,,,
1224,망우역,37.5981879,127.0928062,,,
1225,코스트코상봉,37.5977124,127.0907475,,,
1226,상봉지하차도,37.5970829,127.0880897,,,
1228,상봉역,37.5963673,127.0855416,,,
1229,서울중랑우체국,37.5958166,127.0834891,,,
123,석촌빌딩,37.5035548,127.108687,,,
1230,우리은행중랑교지점,37.5936973,127.0750493,,,
1231,유수지주차장,37.5811365,127.0833663,,,
124,반포래미안아이파크정문,37.5013203,127.0119728,,,
1240,근화제약앞,37.4995128,127.1173909,,,
1246,중계주공3단지,37.6567244,127.0747857,,,
1248,대조불광시장,37.6090052,126.9271324,,,
125,아크로비스타아케이드,37.4993896,127.012412,,,
1250,신월사거리,37.5358786,126.8283063,,,
1251,목동812동,37.5192253,126.8682198,,,
1258,신월1지구대입구,37.5318001,126.8311065,,,
1259,공항빗물펌프장,37.5564198,126.8163959,,,
126,종합운동장,37.5118557,127.0783248,,,
1260,대창빌딩,37.554934,126.8164716,,,
1262,강서구의회앞,37.5465793,126.8627797,,,
1264,대륭포스트타워,37.4858373,126.8963407,,,
1267,장석시장,37.6151403,127.0584078,,,
1268,국민은행중화동지점,37.598177,127.0801726,,,
1269,면목한신아파트,37.5859784,127.0766987,,,
127,백광골프랜드,37.5047906,126.8707855,,,
1274,한국컨벤션웨딩,37.4972768,126.855287,,,
1275,양정중,37.5358388,126.887817,,,
1277,낙성대역앞,37.4773101,126.9632255,,,
1282,동양미래대학교,37.4995878,126.867515,,,
1283,제일제당앞,37.499753,126.8746312,,,
1284,신도림대우푸르지오,37.5094222,126.8888701,,,
1286,외발산사거리,37.5518562,126.8165775,,,
1289,성수SKV1센터,37.5469035,127.0666623,,,
129,화곡고가밑,37.527766,126.8489599,,,
1294,여의도공원,37.5242539,126.9216726,,,
1296,여의도광장,37.5269682,126.9259912,,,
130,목동사거리,37.5324079,126.8637392,,,
1300,신트리공원앞,37.5136696,126.8558703,,,
1301,신사동주민센터앞,37.4848622,126.9139674,,,
1303,구로소방서,37.4980986,126.8650692,,,
1307,신도림SK뷰,37.5077251,126.8864342,,,
131,홍익병원,37.529852,126.8639811,,,
1311,대림우성아파트,37.4943499,126.9108883,,,
1312,강남웨딩문화원,37.4867716,126.9046821,,,
1313,사육신공원,37.5127235,126.950755,,,
1315,화랑대사거리,37.6215202,127.0871954,,,
1316,기아대교앞,37.4387578,126.9031489,,,
1317,경남교수아파트,37.4965942,126.9142821,,,
132,목동7단지,37.5277056,126.8641695,,,
1324,기상청입구,37.4971956,126.9175609,,,
1327,태릉시장,37.5995615,127.0799044,,,
1328,인덕대학입구,37.6287176,127.0566911,,,
1329,체육과학연구원,37.6353835,127.1058072,,,
133,목동역,37.5261313,126.86433,,,
134,남부법원.검찰청,37.522482,126.8654334,,,
1344,방학신동아아파트,37.6617744,127.0275704,,,
1347,번3동주민센터,37.6265503,127.0474889,,,
1365,방화초교,37.5678008,126.807633,,,
1366,목동119안전센터,37.542824,126.8839612,,,
1369,둔촌사거리,37.5214436,127.1338209,,,
1370,에이스하이엔드,37.4814399,126.8924436,,,
1371,디지털1단지,37.4845783,126.8953766,,,
1375,서초롯데캐슬아파트,37.5008325,127.0223736,,,
1376,서초보금자리삼거리,37.4574587,127.015052,,,
1382,상일IC,37.5469781,127.1735795,,,
1383,안암교,37.5770521,127.028177,,,
1385,화랑대역,37.6204416,127.0844659,,,
139,영등포구청앞,37.5259881,126.8966682,,,
1392,806전투경찰대,37.6192813,126.9055659,,,
1395,은혜산부인과,37.607864,126.9247807,,,
1396,양광교회,37.6084925,126.9286966,,,
1400,중화역,37.6015902,127.0794582,,,
1409,능동로분수광장,37.5431087,127.0721262,,,
141,남정초교,37.5367558,126.9640169,,,
1411,발산역,37.5585656,126.8382311,,,
1412,궁동터널입구,37.5070753,126.8382113,,,
1414,동대문소방서,37.5638221,127.0661796,,,
1417,신정배수펌프장,37.5255313,126.8778681,,,
1419,온수역입구,37.4902191,126.8258778,,,
142,한진해운빌딩앞,37.5240898,126.9255236,,,
1420,삼성교,37.4708937,126.941437,,,
1424,교보타워사거리,37.5045212,127.0244863,,,
1426,산골고개,37.5976128,126.938609,,,
1429,정은스카이빌,37.5223505,126.8502162,,,
143,공항천주교회,37.5550885,126.8123755,,,
1437,KBS스포츠월드,37.5568376,126.8497898,,,
1445,동문빌딩,37.5212623,126.8687223,,,
1446,AT센터,37.4686115,127.0398477,,,
1449,월드빌아파트,37.586706,126.9123647,,,
1452,난향초교입구,37.4629883,126.9189999,,,
1453,보성운수종점,37.4641841,126.9191902,,,
146,탑성마을,37.4587999,127.0560009,,,
1460,개나리아파트정문,37.4993609,127.0471824,,,
1462,코오롱글로벌빌딩앞,37.558173,127.0770269,,,
1463,종로노인복지관앞,37.5756133,127.0050093,,,
1466,탄천교,37.4942083,127.1037845,,,
1467,가리봉사거리,37.4817961,126.8866962,,,
147,창4동주민센터,37.652399,127.0511283,,,
1473,흰돌교회,37.5884215,127.0799976,,,
1474,봉화환승주차장,37.6163978,127.0934141,,,
1476,중랑소방서,37.6156533,127.0950985,,,
1479,정릉천주교회,37.6078185,127.0040433,,,
148,국회의사당,37.5288059,126.9165964,,,
1480,양천향교역,37.5684552,126.8413132,,,
1481,공진중학교,37.5644029,126.8488601,,,
1483,개봉1동사거리,37.501598,126.8465594,,,
1486,등촌역,37.5514435,126.8640003,,,
149,국회도서관,37.5303325,126.9190971,,,
1491,종암사거리,37.6034197,127.0321738,,,
1496,사러가시장앞,37.5058486,126.9110174,,,
1498,은천삼거리,37.4856388,126.9561764,,,
1499,삼성129동앞,37.5067948,127.0957856,,,
150,서울디자인지원센터,37.5729392,127.0075758,,,
1500,잠실119안전센터,37.5070194,127.0941344,,,
1506,종묘입구,37.5726051,126.9915319,,,
151,이화사거리,37.5761684,127.0022106,,,
1510,심미아파트,37.5250441,126.8562118,,,
1517,상일동역사거리,37.5571909,127.1713299,,,
1524,가리봉치안센터,37.4787286,126.8936444,,,
1525,목동13.14단지,37.5140373,126.8697183,,,
1526,강서면허시험장,37.5485973,126.8199932,,,
1527,용마초교,37.5561132,127.081971,,,
1529,서남충전소,37.5727576,126.8288415,,,
1531,서빙고역,37.5202893,126.9906666,,,
1536,부암동주민센터,37.592851,126.9640581,,,
1537,정동,37.5683276,126.9691612,,,
154,꿈의숲동문주차장입구,37.6211894,127.0456578,,,
1541,길동시장,37.5346296,127.1363714,,,
1544,가마산지하차도,37.4920032,126.8821241,,,
1546,등서초교입구,37.5526799,126.853288,,,
155,송정동공영주차장,37.550157,127.0685383,,,
1552,이수역,37.4853994,126.9821635,,,
1554,대조초교,37.6132538,126.917613,,,
1558,국민망우삼거리,37.5991975,127.0973412,,,
1559,망우지구대,37.5986384,127.0950574,,,
156,혜화동로터리,37.5855368,127.0011974,,,
1560,면목아이파크102동,37.5813116,127.0813421,,,
1562,구로삼각공원,37.5015829,126.891501,,,
1567,응암1동경향렉스빌,37.6010644,126.9251255,,,
157,세운상가,37.5705684,126.9950438,,,
1571,관악현대아파트,37.4908408,126.9564421,,,
1574,동대문역,37.5720141,127.0122574,,,
1575,능산사거리,37.608389,127.1009941,,,
158,청계6가,37.5699421,127.0096899,,,
1590,동양종합금융증권,37.4939478,127.1215,,,
1596,월계건강관리센터,37.6314925,127.0610488,,,
1598,은행사거리,37.6506655,127.0767348,,,
160,삼성힐스테이트2단지앞,37.512433,127.0511972,,,
1602,대일고교,37.5393159,126.8637239,,,
1603,거리공원,37.5008895,126.8901853,,,
1607,당곡사거리,37.4893893,126.927906,,,
1608,신성교,37.4709465,126.9377066,,,
1609,구로한일카센터,37.480483,126.8912405,,,
161,세곡동주민센터앞,37.4692409,127.1079628,,,
1611,탑골공원,37.5716041,126.9876359,,,
1612,군악대,37.5018685,126.9797866,,,
1615,테라팰리스건대4차,37.5449741,127.0730011,,,
1616,난곡119안전센터,37.4758076,126.9163204,,,
1619,서울역사박물관,37.5698431,126.9713258,,,
1620,국일관,37.5703027,126.9897302,,,
1623,센스빌오피스텔,37.5494806,127.0561047,,,
1625,이수교차로,37.4997565,126.98502,,,
1627,영림중,37.4969637,126.892101,,,
1637,일영유리,37.6086715,126.9995954,,,
1648,한전성서지점,37.6057415,126.9341247,,,
1649,대성주유소,37.603858,126.9349109,,,
165,신목동역,37.5441406,126.8831132,,,
1650,가양주유소앞,37.5661718,126.8455307,,,
1654,동부제일병원,37.6004723,127.1082698,,,
1656,수락산역남측,37.6760556,127.0552833,,,
1657,응봉교,37.5473648,127.0365249,,,
1658,상원삼거리,37.5508627,127.0521265,,,
1659,당산중,37.5320085,126.9057568,,,
166,농협태릉지점,37.61826,127.0773038,,,
1661,노일초교,37.673971,127.0554039,,,
1662,가좌역,37.5691157,126.9152728,,,
167,압구정현대아파트77동앞,37.5302933,127.0277142,,,
1670,화양사거리,37.5483276,127.0674707,,,
1671,화양시장,37.548019,127.0704906,,,
1672,어린이대공원역,37.5472691,127.0741779,,,
1673,건대입구삼거리,37.5463846,127.0762885,,,
1674,구의시장,37.5446658,127.0906412,,,
1675,구의수원지,37.5438644,127.0929565,,,
1676,광장자이아파트,37.5426764,127.0942985,,,
1677,해동카도크,37.5436728,127.0590234,,,
1678,건대입구역,37.5399365,127.070598,,,
1679,건대후문,37.5387924,127.0743779,,,
1680,자양삼거리,37.5380546,127.077099,,,
1681,자양초교,37.537659,127.0789587,,,
1682,자양사거리,37.5365645,127.0835634,,,
1685,광장현대8단지,37.542021,127.0985017,,,
1691,잠실대교북단사거리,37.5324684,127.0853888,,,
1692,치과의사회관앞,37.5487476,127.0583016,,,
1694,성수1차대우아파트,37.5455673,127.0659301,,,
1695,세종대,37.5490112,127.0752935,,,
1697,광진구청,37.5383368,127.0833564,,,
1698,자양아파트,37.533461,127.0847768,,,
170,공무원아파트,37.5575715,127.1567067,,,
1704,배명사거리,37.5024655,127.0969526,,,
1709,상계교,37.6617107,127.0524475,,,
1713,강일동입구,37.5622027,127.1704096,,,
1714,몽촌토성역,37.5174913,127.1127403,,,
1716,성수사거리,37.5421368,127.0639789,,,
172,태릉입구역,37.6176423,127.0756441,,,
1722,성수2가,37.540307,127.0629367,,,
173,영동전화국,37.5050323,127.0416266,,,
1730,삼성관음아파트,37.5526424,126.8700037,,,
1734,대원주유소,37.4864473,126.8564398,,,
1736,수락초교,37.6836818,127.05543,,,
1737,용산역앞,37.5264431,126.9652719,,,
1738,홍파복지원,37.6806881,127.0554436,,,
1741,온수골사거리,37.6612274,127.0587312,,,
1742,도봉면허시험장,37.6579539,127.0595619,,,
1743,상계2.6단지,37.651439,127.0613584,,,
1744,중계근린공원,37.6411226,127.0659296,,,
1745,노원구민의정당,37.6387392,127.0669985,,,
1746,하계역,37.635961,127.0682131,,,
1747,농협공릉지점,37.6222447,127.074123,,,
1748,화랑삼거리,37.6238,127.0907754,,,
1749,태릉사격장,37.6279059,127.0961903,,,
175,역삼금호어울림,37.4926506,127.0340999,,,
1750,태릉골프장,37.6301302,127.0980719,,,
1751,태릉선수촌,37.6335966,127.1033313,,,
1754,삼육대,37.6379898,127.1076806,,,
176,우리은행역삼,37.4935164,127.0403703,,,
1760,이화아파트,37.4905816,126.8929092,,,
1778,당현2교,37.6507926,127.0684718,,,
179,길동생태공원,37.5402838,127.1532805,,,
1792,방학역앞,37.6697209,127.0436376,,,
1793,강동성심병원,37.5352957,127.1343085,,,
1795,길동사거리,37.5339461,127.1385557,,,
1796,하계5.6단지,37.6346551,127.0661125,,,
1797,마들역,37.664543,127.0578264,,,
1798,대진여고,37.6461978,127.0662975,,,
1807,삼성해청아파트,37.5176783,127.0437584,,,
1808,장지역,37.4793554,127.1258284,,,
1812,신설동역,37.5755809,127.0232274,,,
1813,광화문,37.5751483,126.9770766,,,
1814,종로6가,37.5711036,127.0067086,,,
1815,경복궁,37.5758544,126.9794201,,,
1816,종로4가,37.5707425,126.9977692,,,
1817,종로구청입구,37.5702029,126.9793148,,,
1818,종로백화점약국,37.5710408,127.0037626,,,
1819,종로1가,37.5702264,126.9829758,,,
1820,종로2가,37.5702056,126.9876851,,,
1821,세종대로사거리,37.5701758,126.977029,,,
1822,통인교차로,37.5794539,126.9713498,,,
1823,신교동,37.5838447,126.9703958,,,
1826,안국역,37.5768589,126.9861801,,,
1827,통인시장,37.581461,126.9708642,,,
1828,하림각,37.5978194,126.9626128,,,
1829,자하문터널북단,37.5951809,126.9636525,,,
1830,재향군인회,37.5733612,126.9975784,,,
1831,혜화역,37.5829472,127.001763,,,
1832,무악재역,37.5819776,126.9505189,,,
1835,광교,37.5690373,126.9827797,,,
1836,합청,37.5794179,126.9738268,,,
1838,구기동정류장,37.6070339,126.9587855,,,
1839,종로5가,37.5710013,127.0019255,,,
1843,낙원상가,37.5735455,126.9876807,,,
1846,구기터널,37.6084681,126.9567144,,,
1847,신영소방서,37.6058314,126.960618,,,
185,인권빌딩,37.5342458,126.8635971,,,
1850,청계2가,37.5682795,126.9876861,,,
1851,창경궁,37.5790415,126.9966823,,,
1854,조계사,37.5739436,126.9829375,,,
1855,팔판동,37.5810688,126.980253,,,
1857,정부서울청사,3.7575758,126.9743313,,,
186,용두119안전센터앞,37.5780826,127.0317389,,,
1861,우리은행효자,37.5781183,126.9718623,,,
1863,종로3가,37.5704205,126.9921386,,,
1864,청계4가,37.5690316,126.9979233,,,
1865,동묘앞역,37.5730228,127.0156343,,,
1866,성균관대입구,37.5830166,126.9987504,,,
1867,국립과학관,37.5814946,126.9970056,,,
1869,둔촌아파트입구삼거리,37.5236777,127.1346825,,,
1871,LG전자,37.4815134,126.9504182,,,
1873,낙성대입구,37.478527,126.9598853,,,
1876,중계종합사회복지관,37.6572335,127.0768473,,,
1877,중계주공4.5단지,37.6545558,127.0781698,,,
1882,강서운전면허시험장입구,37.5493647,126.819563,,,
1885,코끼리약국,37.5081781,127.0879169,,,
189,관악우성아파트,37.4864113,126.9568561,,,
1893,강서한강자이타워,37.5656407,126.8465729,,,
1899,한강대교북단,37.5224199,126.9617766,,,
1900,중계9단지,37.6411938,127.0763343,,,
1904,목동월드파크빌,37.5408714,126.8637453,,,
1909,성가복지병원,37.6063813,127.0311781,,,
1911,동일로주유소,37.5679478,127.0785921,,,
1912,신내데시앙정문,37.61083,127.1011727,,,
1914,워커힐아파트,37.5480903,127.1070931,,,
1915,둔촌고교입구,37.5352166,127.1453212,,,
1917,은일로즈힐아파트,37.5163123,126.8369575,,,
1918,신화중학교,37.5395017,126.8309036,,,
1921,삼일빌딩앞,37.5627074,127.0003211,,,
1922,홍은풍림아파트,37.595159,126.9402854,,,
1923,홍제역,37.5880055,126.9451089,,,
1924,무악재한화아파트,37.5827395,126.9501417,,,
1926,안산초교,37.5805804,126.9517861,,,
1928,서울역광장,37.5540576,126.9729844,,,
1929,서울역R,37.5570508,126.9726242,,,
1943,시민교회,37.5545041,127.0863109,,,
1946,청계광장,37.5694153,126.9771986,,,
1954,군자역,37.5571793,127.0794927,,,
1957,어린이회관앞,37.5456142,127.0785874,,,
1958,고척중,37.5006441,126.863602,,,
196,세이브마트,37.4739725,126.9176019,,,
1962,북부도로교통사업소앞,37.6340616,127.0376232,,,
1963,대명신협,37.5786574,127.04039,,,
1966,인덕대학,37.6289518,127.0549892,,,
197,난우지구대,37.4797112,126.9149363,,,
1971,평안섬유공업사,37.5891509,127.0589138,,,
1972,배봉초교,37.5786639,127.0684224,,,
1977,동서울케이블TV앞,37.5428285,127.0618607,,,
1978,해성자동차공업사앞,37.5432538,127.0604213,,,
198,신도림역,37.5102262,126.8903682,,,
1980,잠실새내역,37.5116331,127.0855385,,,
1981,잠실3사거리,37.5118955,127.0925284,,,
1988,그랜드마트,37.5596618,126.8386338,,,
1989,성내천공원앞,37.5251481,127.1254038,,,
199,신도림주민센터,37.5057642,126.8836059,,,
1990,팬코,37.5607703,126.8389868,,,
1991,등촌1-10단지,37.563219,126.8397947,,,
1992,대륭드림타운,37.5665502,126.8408441,,,
1999,원남동사거리,37.5759134,126.9973494,,,
200,구로역,37.5030259,126.8798092,,,
20001,이촌역앞(연등),37.5229798,126.972103,,,
20005,석관중(연등),37.6059691,127.0665962,,,
20009,구로경찰서(연등),37.4943412,126.8870739,,,
20010,난곡우체국앞(연등),37.4778807,126.916527,,,
20026,삼성동센트럴아이파크(연등),37.5162776,127.0516058,,,
2003,석촌호,37.5065529,127.0973009,,,
20030,강남세무서(연등)1,37.5184194,127.0480101,,,
20034,논현지구대(연등),37.5127762,127.0268085,,,
20035,전기공제회관(연등),37.514299,127.0201207,,,
20038,영동고(연등)1,37.5216641,127.0396415,,,
20039,청담천주교회(연등),37.5215056,127.0487973,,,
20041,우리은행청담(연등),37.5222637,127.0558112,,,
20042,영동대교남단(연등),37.5248517,127.0527188,,,
20045,학동(연등)1,37.523502,127.0416064,,,
20046,도산공원(연등),37.5221282,127.0357303,,,
20047,삼화콘덴서(연등),37.5209338,127.0319535,,,
20049,신사역(연등),37.5157695,127.0184618,,,
20054,청담초교(연등),37.5266046,127.0454089,,,
20056,광림교회(연등),37.526115,127.0263586,,,
20057,현대고(연등),37.5234339,127.0210383,,,
20058,한남대교남단(연등)1,37.5223813,127.0190757,,,
20062,서울메트로뒤(연등),37.4780399,126.9881719,,,
20063,시스폴사거리(연등),37.4870134,126.9892559,,,
20064,한양타운(연등),37.52578,127.0399912,,,
20068,백제고분(연등),37.5084921,127.1154762,,,
20070,방이사거리(연등),37.5092497,127.1140938,,,
20073,대명초교입구(연등),37.547411,127.15607,,,
20077,롯데백화점도곡(연등),37.4973799,127.0562029,,,
20082,쟁골마을(연등),37.4832246,127.1044788,,,
20086,헌인릉입구(연등),37.460053,127.080002,,,
20089,세곡동사거리(연등)1,37.4648491,127.1099606,,,
2009,서울도시가스,37.5052457,126.9445611,,,
20093,자곡사거리(연등),37.4752383,127.1052906,,,
20097,대왕중교(연등),37.48404,127.0891665,,,
20098,태화복지관앞(연등),37.4848326,127.0927019,,,
201,중앙유통단지,37.5011484,126.8772342,,,
2010,강서도로사업소,37.5727294,126.8299747,,,
20101,수서역(연등)1,37.488424,127.1003019,,,
20109,서초삼성스위트아파트(연등),37.4940062,127.0256325,,,
20130,목동사거리(연등),37.5327016,126.8660821,,,
20133,목동역(연등)1,37.5262938,126.8635009,,,
20134,남부법원.검찰청(연등),37.5244125,126.8648346,,,
20142,한진해운빌딩앞(연등),37.5247338,126.9248656,,,
20146,탑성마을(연등),37.4597547,127.0543256,,,
20148,국회의사당(연등),37.5291901,126.917255,,,
2015,대명전자삼거리,37.4823424,126.893482,,,
20158,청계6가(연등),37.569639,127.0097319,,,
20160,삼성힐스테이트2단지앞(연등),37.5119827,127.0496803,,,
2017,유광사여성병원,37.5432532,126.8388708,,,
202,고척교,37.4988847,126.8717925,,,
20203,구로시장(연등)1,37.4873,126.8850638,,,
20206,오류동삼거리(연등),37.4943355,126.8400244,,,
20239,노원롯데백화점(연등),37.654585,127.061948,,,
2028,이태원소방파출소,37.5346034,126.9955875,,,
203,구로시장,37.4883771,126.8846197,,,
20303,원터공원(연등)1,37.554693,127.150192,,,
2031,청계한신휴플러스,37.5718504,127.0444346,,,
2032,신답역,37.5698863,127.0486833,,,
2034,장지공영차고지앞,37.4801368,127.1387579,,,
20366,당고개주유소(연등),37.6695469,127.0805588,,,
20379,IBK기업은행대림동지점(연등),37.4970461,126.8989915,,,
2038,동대문중,37.5733575,127.052225,,,
20386,망원역(연등),37.5568793,126.909397,,,
20388,고려대역(연등),37.5896848,127.036465,,,
2039,생태공원삼거리,37.5261462,127.12236,,,
20392,종암2치안센터(연등),37.599055,127.0344679,,,
20393,보훈병원입구(연등),37.5341124,127.1426528,,,
2040,청량리119안전센터,37.5871036,127.0526473,,,
20403,동성공업사(연등),37.6101463,127.0324361,,,
20406,삼양입구사거리(연등)1,37.616641,127.029846,,,
20408,도봉세무서(연등),37.6189823,127.0290591,,,
20409,방송대북부별관(연등),37.6207067,127.0284102,,,
2041,플라워스토리,37.5144374,127.1427856,,,
20410,미아역(연등),37.6271499,127.025859,,,
20416,대한병원(연등),37.6362876,127.0230723,,,
2042,가양3.5단지,37.5628915,126.8517449,,,
20423,수유3동우체국(연등),37.642193,127.030145,,,
2043,등촌아이파크아파트,37.5439455,126.8621637,,,
20433,창동변전소(연등),37.6585525,127.0405611,,,
20434,동부센트레빌아파트앞(연등),37.6628564,127.0392505,,,
20438,방학홈플러스(연등),37.6659281,127.0429938,,,
20445,도봉한신아파트(연등),37.6827755,127.045853,,,
2045,방아삼거리,37.5236865,127.1464939,,,
20450,박미삼거리(연등)1,37.447284,126.9034026,,,
20451,상월곡역(연등)1,37.6074855,127.0505732,,,
20452,석관2동삼성래미안(연등),37.6085327,127.0525861,,,
20454,장위사거리(연등),37.6138007,127.0623226,,,
20456,월릉교(연등),37.6155273,127.068844,,,
20457,태릉가스충전소(연등),37.6180765,127.072629,,,
20458,명보사거리(연등),37.5627579,126.9930872,,,
20463,돈암1동주민센터(연등)1,37.6022374,127.0250188,,,
20470,불광역(연등),37.6121223,126.9285246,,,
20472,연신내로데오(연등),37.6184018,126.920178,,,
20477,역촌사거리(연등),37.6075679,126.9217924,,,
20478,역촌역(연등),37.605473,126.9226238,,,
20482,신사오거리(연등)1,37.5995239,126.9165965,,,
20483,청운아파트(연등),37.5945988,126.9145487,,,
20484,새절역(연등),37.5933385,126.9131659,,,
2049,3.4번정문,37.5349453,126.9847157,,,
205,한영대학교,37.4978928,126.8523901,,,
2050,청파동삼거리,37.5482115,126.9700559,,,
2051,청파동입구,37.5495581,126.9718128,,,
20516,서울대매점앞(연등),37.4670538,126.9487171,,,
20526,신림3교(연등),37.4721493,126.933292,,,
20529,선정중고입구(연등),37.6161564,126.9077564,,,
20538,강월초교(연등),37.5161781,126.8348345,,,
2054,국립중앙박물관,37.5215214,126.9771243,,,
20559,발산119안전센터(연등),37.5565925,126.8376186,,,
2056,국방부,37.534642,126.9758186,,,
2059,남영삼거리,37.5420484,126.9727794,,,
206,오류동삼거리,37.4948451,126.841098,,,
2060,남영역,37.5416827,126.9707873,,,
2061,다래원,37.5347082,126.9973112,,,
2062,데이콤빌딩,37.5241886,126.9632141,,,
20622,녹천교동측(연등)1,37.6453063,127.0583311,,,
2063,동빙고동,37.5294537,126.9913518,,,
20637,신설동역앞(연등),37.5744973,12.7025588,,,
2064,동자동,37.5511286,126.9722147,,,
20643,미아서광빌딩(연등),37.6231767,127.0274346,,,
20644,숭인시장(연등),37.6132158,127.0300703,,,
20648,한성대(연등)1,37.5907561,127.0111831,,,
2065,대림1동공영주차장앞,37.493279,126.9011983,,,
20659,강서보건소앞(연등),37.5492626,126.8680956,,,
20669,정릉입구(연등),37.6049273,127.0108736,,,
2067,버들약국,37.5367616,127.0004367,,,
20674,신대방삼거리역(연등)1,37.4997102,126.9294786,,,
2068,KT한강로빌딩,37.5315589,126.9701939,,,
20685,신방화사거리(연등)1,37.5733729,126.8180938,,,
20690,잠실현대아파트(연등),37.5048172,127.0864131,,,
20694,GS마트입구(연등),37.4914736,127.1149928,,,
207,롯데캐슬골드파크3차,37.4618583,126.8977849,,,
2070,1.2번정문,37.5347627,126.9807569,,,
20704,서울공업사(연등)1,37.5341874,127.1218243,,,
20706,오금동근린공원(연등),37.49955,127.1355299,,,
20708,강동구청역(연등),37.5305991,127.121097,,,
20709,거여동사거리(연등),37.4964445,127.1379087,,,
20710,경찰병원후문(연등),37.4979794,127.1255485,,,
2074,북한남삼거리,37.5420901,127.0023802,,,
20744,길동초교(연등)1,37.537881,127.1400498,,,
20745,박석고개(연등),37.6259671,126.92011,,,
20746,북한산래미안(연등),37.6108495,126.9414422,,,
20748,신한은행갈현(연등),37.624681,126.919969,,,
2075,삼각지역,37.5356753,126.9740138,,,
20753,화랑교(연등)1,37.4705601,126.9389314,,,
20758,구로전화국(연등),37.4796348,126.9025673,,,
20767,명덕초교입구(연등),37.557883,127.1445444,,,
20771,효령아파트(연등)1,37.4801635,126.9936174,,,
2078,소화아동병원,37.5539112,126.9690403,,,
20785,관악우림시장(연등),37.4706778,126.9198405,,,
20795,뚝섬역(연등),37.549732,127.0442518,,,
20799,성내5교(연등),37.5018177,127.1376793,,,
208,덕은교,37.5909918,126.8825995,,,
2080,숙명여대입구,37.5449147,126.9706081,,,
20806,우이시장(연등),37.645701,127.0188554,,,
2081,숙대입구역7번출구,37.543332,126.9724952,,,
20812,신한은행방학(연등),37.6627207,127.0361393,,,
20813,방학한화아파트(연등),37.662114,127.030846,,,
20815,창문여고(연등)1,37.6135837,127.0379635,,,
20824,뚝섬체육공원,37.5461311,127.0447571,,,
2084,신한은행원효,37.5359665,126.962831,,,
20846,복선교(연등),37.6012986,127.0226041,,,
2085,용마슈퍼,37.540625,126.9582694,,,
2086,효창공원앞역,37.539299,126.961377,,,
20865,조양시장(연등),37.5413493,127.0664744,,,
2088,용산1호정문,37.537726,126.9739232,,,
20883,묵2동(연등),37.6096353,127.0779762,,,
20886,염광여상(연등),37.6261901,127.0527494,,,
20894,방학성원아파트(연등)1,37.6623771,127.0331064,,,
209,수색교,37.5870096,126.8872464,,,
2090,용산보건소,37.5379975,126.96634,,,
2091,용산서,37.5402185,126.9690014,,,
2092,용산역,37.52728,126.9660279,,,
20922,동곡삼거리(연등),37.5620897,127.0752687,,,
2093,용산우체국,37.530262,126.96897,,,
20936,광장사거리(연등),37.5456712,127.1024629,,,
20938,오장동사거리(연등),37.5656491,127.0024434,,,
2094,숙대입구역,37.5451102,126.9720052,,,
2095,원효로2가,37.535362,126.9616377,,,
2096,원효3가,37.5342115,126.958772,,,
20961,구로미성아파트(연등),37.5045438,126.8779857,,,
20963,구로구청구의회(연등),37.4949522,126.8881277,,,
20967,동구로초교(연등)1,37.4916142,126.8918606,,,
20968,쌍용자동차서비스(연등),37.5003049,126.8824666,,,
20976,신한은행신월동지점(연등),37.5188617,126.8429704,,,
20980,롯데마트서울역(연등),37.554921,126.9677557,,,
20985,한성대입구역(연등)1,37.5876754,127.0040161,,,
20996,까치고개(연등),37.476183,126.9658938,,,
210,수색서광빌딩,37.5839318,126.8918782,,,
2100,이촌역,37.5224015,126.9743851,,,
21007,우리은행암사(연등)1,37.5547374,127.1357137,,,
21014,선사사거리(연등),37.5547646,127.1310546,,,
2102,이태원,37.5342669,126.9902856,,,
21031,개롱근린공원(연등),37.4924553,127.1280727,,,
21037,아시아선수촌정문(연등),37.5088658,127.0790639,,,
2104,전자랜드,37.5331201,126.9615924,,,
21040,신림교입구(연등),37.4809725,126.9301882,,,
21041,관악소방서(연등)1,37.4735106,126.9530964,,,
2105,송원초교,37.5531778,127.0702417,,,
21057,삼성아파트삼거리(연등)1,37.5429681,127.1013142,,,
2106,전자상가입구,37.529533,126.9682406,,,
21062,광산사거리(연등),37.6440142,127.021217,,,
21066,우리은행중화(연등),37.6064612,127.0785712,,,
21068,신내차량기지(연등),37.6138235,127.1013836,,,
21073,서울과학기술대입구(연등),37.62748,127.0721088,,,
21074,노원자동차검사소(연등),37.6380718,127.0738153,,,
21077,중계역(연등),37.6470898,127.0631375,,,
21089,노해근린공원(연등),37.6477313,127.0700613,,,
21092,강서소방서(연등)1,37.5582708,126.8603932,,,
211,LG베스트샵수색점,37.583171,126.8936698,,,
21103,동부제강입구(연등),37.4914021,126.831516,,,
21108,역말사거리(연등)1,37.6057949,126.9145201,,,
2111,철도정비창,37.5327426,126.9575756,,,
21117,관악구청(연등),37.4780939,126.9523002,,,
2112,길동현대병원,37.5351647,127.138998,,,
21133,양화교밑(연등),37.5469228,126.879356,,,
2114,한강중교앞,37.5257062,126.9918396,,,
21142,광영여고(연등),37.5391962,126.8222145,,,
21147,강서구청(연등)1,37.5521738,126.8499765,,,
21149,신월초교입구(연등),37.5409405,126.8378225,,,
21156,양강중(연등)1,37.5242669,126.8517987,,,
21159,광남중고교입구(연등),37.5381399,127.0970826,,,
21165,먹골역(연등)1,37.6120878,127.0778373,,,
21168,길음역(연등)1,37.6039261,127.024734,,,
2117,한남오거리,37.5333663,127.0076873,,,
21172,공릉역(연등)1,37.6259341,127.0728598,,,
21174,창원초교(연등)1,37.652265,127.0413931,,,
21179,우장산역(연등),37.54949,126.8363497,,,
2118,한남역,37.528614,127.0067786,,,
21181,불암지구대(연등),37.6533966,127.0781724,,,
21183,서초푸르지오써밋(연등)1,37.5012419,127.0222016,,,
21188,녹번초교(연등),37.6047855,126.9242719,,,
21190,방화사거리(연등),37.5732068,126.8101633,,,
21192,거리공원오거리(연등),37.4978582,126.8938699,,,
21194,수동물병원(연등)1,37.4995088,126.8875333,,,
21195,계남공원(연등),37.5102766,126.859005,,,
21198,한국환경산업기술원(연등),37.6096744,126.9354203,,,
212,수색역,37.5821709,126.8954205,,,
21201,대림부동산(연등),37.48525,126.9374479,,,
21202,병천순대(연등)1,37.4836171,126.941126,,,
21203,진광공업사(연등),37.4825329,126.9492382,,,
21213,장지IC하향(연등),37.470035,127.1245302,,,
21217,역촌시장(연등),37.6129354,126.914,,,
21219,홍대역2번출구(연등),37.5572065,126.9242219,,,
21231,유수지주차장(연등),37.5822808,127.0838505,,,
2124,이태원역,37.5344945,126.9939158,,,
21250,신월사거리(연등),37.5371441,126.827493,,,
21251,목동812동(연등),37.520767,126.868635,,,
21260,대창빌딩(연등),37.553863,126.8164989,,,
21264,대륭포스트타워(연등),37.485337,126.8972902,,,
21267,장석시장(연등),37.6154649,127.058083,,,
21269,면목한신아파트(연등)1,37.5856743,127.0753053,,,
21277,낙성대역앞(연등),37.477049,126.9636648,,,
21283,제일제당앞(연등),37.5004043,126.8759525,,,
2129,잠실대교남단삼거리,37.5159572,127.0981093,,,
213,수색디지털프라자,37.5808112,126.8976958,,,
2130,잠실역,37.5132353,127.1000922,,,
21303,구로소방서(연등),37.4977441,126.8646923,,,
21311,대림우성아파트(연등),37.4954413,126.9114992,,,
21313,사육신공원(연등),37.5128022,126.9494858,,,
21316,기아대교앞(연등),37.4382008,126.9031535,,,
2132,석촌호수,37.5087225,127.1039715,,,
21324,기상청입구(연등),37.4969717,126.9164402,,,
2133,석촌역,37.5052298,127.1071752,,,
2134,송파사거리,37.5019728,127.1101152,,,
2135,가락시장동문,37.4946294,127.1168205,,,
2136,가락시장역,37.4925242,127.1187249,,,
21365,방화초교(연등),37.5678032,126.8091342,,,
2137,올림픽훼밀리타운,37.4887568,127.1210399,,,
21375,서초롯데캐슬아파트(연등),37.4999125,127.0228049,,,
2138,문정역,37.4860714,127.1224164,,,
2139,건영아파트앞,37.482535,127.1242302,,,
214,수색E마트앞,37.5795337,126.8998951,,,
21400,중화역(연등),37.6036056,127.0790987,,,
21409,능동로분수광장(연등),37.5419707,127.0716269,,,
21414,동대문소방서(연등),37.5642072,127.0664467,,,
21417,신정배수펌프장(연등),37.5256524,126.8769215,,,
21419,온수역입구(연등),37.4908804,126.8275328,,,
21420,삼성교(연등)1,37.4706547,126.9414451,,,
2144,한강자이에클라트,37.5317947,126.9553911,,,
21445,동문빌딩(연등),37.522424,126.869004,,,
21453,보성운수종점(연등),37.4638686,126.9191125,,,
21466,탄천교(연등),37.4946627,127.105169,,,
2148,신정3동우체국,37.5128637,126.8535417,,,
21481,공진중학교(연등)1,37.5650581,126.8476041,,,
21483,개봉1동사거리(연등),37.5019886,126.8476158,,,
21486,등촌역(연등)1,37.5509284,126.8646864,,,
21491,종암사거리(연등),37.6025487,127.0325559,,,
215,디지털미디어씨티역,37.5781848,126.9017242,,,
2151,한마을아파트,37.4966358,126.8627629,,,
2152,수락초교삼거리,37.684729,127.055475,,,
2153,늘푸른교회,37.545943,127.1709861,,,
21536,부암동주민센터(연등),37.5928162,126.9644963,,,
2154,강북구민운동장,37.6306592,127.0415525,,,
21544,가마산지하차도(연등),37.490603,126.8815614,,,
2155,용두공원,37.5728995,127.0418413,,,
21552,이수역(연등),37.4855904,126.9837126,,,
21554,대조초교(연등),37.6142485,126.9177764,,,
2157,천호사거리,37.5386616,127.1234008,,,
21571,관악현대아파트(연등),37.4924041,126.9565221,,,
21575,능산사거리(연등)1,37.6082848,127.1002232,,,
2158,강동역,37.5359063,127.1323379,,,
216,영화아파트,37.4969425,126.8596379,,,
2160,한강대교남단,37.5135789,126.955953,,,
21602,대일고교(연등),37.5378839,126.8635695,,,
21603,거리공원(연등),37.5011554,126.8906989,,,
21608,신성교(연등)1,37.4710349,126.9368786,,,
21611,탑골공원(연등),37.572692,126.9878389,,,
21615,해주카센터(연등),37.5456904,127.0733388,,,
21619,서울역사박물관(연등),37.5692558,126.9705278,,,
2162,복정역,37.4707525,127.1267581,,,
21625,이수교차로(연등),37.5003642,126.985563,,,
21627,영림중(연등),37.4961414,126.8905854,,,
21659,당산중(연등)1,37.5311912,126.9057763,,,
21670,화양사거리(연등),37.548192,127.0656782,,,
21672,어린이대공원역(연등),37.5476757,127.0726541,,,
21679,건대후문(연등),37.5378478,127.0741017,,,
2168,봉화지구대,37.6144373,127.096044,,,
21681,자양초교(연등),37.5371788,127.0806454,,,
2169,동성아파트앞,37.6103746,127.0961296,,,
21691,잠실대교북단사거리(연등),37.5312189,127.0863703,,,
21694,성수1차대우아파트(연등),37.5442611,127.0651941,,,
21704,배명사거리(연등),37.5025401,127.0983486,,,
21709,상계교(연등),37.661596,127.0538888,,,
21722,성수2가(연등),37.5393889,127.0623858,,,
21734,대원주유소(연등),37.4860288,126.8564925,,,
21737,용산역앞(연등),37.5269421,126.9643246,,,
21738,홍파복지원(연등),37.6796892,127.0553625,,,
21741,온수골사거리(연등),37.6613948,127.0563445,,,
21747,농협공릉지점(연등),37.6234531,127.0737503,,,
21748,화랑삼거리(연등),37.6230507,127.0902343,,,
2175,올림픽공원동2문,37.5157944,127.1306615,,,
21754,삼육대(연등),37.6387627,127.1086575,,,
2176,헌릉IC,37.4617934,127.0852378,,,
2179,신정이펜하우스3단지,37.5138982,126.828698,,,
21815,경복궁(연등)1,37.5766321,126.9795239,,,
21816,종로4가(연등)1,37.5701474,126.9978832,,,
21821,세종대로사거리(연등)1,37.5700921,126.975686,,,
21828,하림각(연등),37.5990938,126.9603668,,,
2183,신정푸른마을입구,37.5151336,126.8332729,,,
21830,재향군인회(연등),37.574215,126.997577,,,
21831,혜화역(연등)1,37.5838473,127.0016025,,,
21832,무악재역(연등),37.5813229,126.9509296,,,
21835,광교(연등),37.5687245,126.9827649,,,
21843,낙원상가(연등),37.5750582,126.9868557,,,
21846,구기터널(연등),37.6082765,126.9570866,,,
21847,신영소방서(연등),37.6047405,126.9611001,,,
21850,청계2가(연등),37.5679802,126.9876671,,,
21851,상암MBC 연등교차로,37.581607,126.891505,,,
21855,팔판동(연등),37.5799968,126.9799195,,,
21857,정부서울청사(연등),37.5758331,126.973606,,,
21864,청계4가(연등),37.5687441,126.9979823,,,
21865,동묘앞역(연등)1,37.5734609,127.0173311,,,
21873,낙성대입구(연등),37.4779304,126.9613752,,,
21876,중계종합사회복지관(연등),37.6565155,127.0780841,,,
21877,중계주공4.5단지(연등),37.6554184,127.0782018,,,
2189,서부트럭터미널,37.5091797,126.8429183,,,
2190,상계14.16단지,37.6705256,127.0562523,,,
21914,워커힐아파트(연등),37.5493233,127.1080542,,,
21918,신화중학교(연등),37.5394545,126.829485,,,
21923,홍제역(연등),37.5883918,126.9446584,,,
21928,서울역광장(연등),37.5543759,126.9726339,,,
2193,씨티21,37.522548,126.8958703,,,
21943,시민교회(연등),37.5548135,127.0855793,,,
21946,청계광장(연등1),37.5693733,126.9776009,,,
2195,대방천사거리,37.4985026,126.9202368,,,
21972,배봉초교(연등),37.577757,127.0681239,,,
21981,잠실3사거리(연등),37.5126118,127.0922876,,,
2199,압구정역,37.5272415,127.0285081,,,
21990,팬코(연등),37.5608348,126.8382124,,,
21991,등촌1-10단지(연등),37.5633146,126.8390096,,,
21992,대륭드림타운(연등),37.566633,126.8400877,,,
21999,서울대병원정문,37.57706,126.997248,,,
2200,잠수장,37.5210286,126.9968312,,,
22003,석촌호(연등),37.5064557,127.0987668,,,
2201,성수대교남단,37.5291757,127.0337776,,,
2203,논현역,37.5111134,127.0213298,,,
22043,등촌아이파크아파트(연등),37.5454727,126.8624377,,,
2205,압구정한양아파트,37.5287979,127.0369339,,,
22050,청파동삼거리(연등),37.5491753,126.9699649,,,
22054,국립중앙박물관(연등),37.5209852,126.9789042,,,
2206,대우증권,37.5611514,127.0667354,,,
22068,KT한강로빌딩(연등),37.5319975,126.9706774,,,
2207,국기원입구,37.4990121,127.0310323,,,
22078,소화아동병원(연등),37.552701,126.9691341,,,
2208,가양역,37.5610715,126.8551562,,,
22080,숙명여대입구(연등),37.5442044,126.9707322,,,
22081,숙대입구역7번출구(연등),37.5437531,126.9723859,,,
22086,효창공원앞역(연등),37.5402204,126.9617725,,,
22092,용산역(연등),37.5278632,126.9666092,,,
22095,원효로2가(연등),37.5344108,126.9622516,,,
22102,이태원(연등),37.5343799,126.9920451,,,
22104,전자랜드(연등),37.5332743,126.9598693,,,
2211,학동역,37.5139972,127.0307459,,,
22111,철도정비창(연등)1,37.5330222,126.9587805,,,
22114,한강중교앞(연등),37.5252949,126.9916305,,,
2212,선릉역,37.5044875,127.0490277,,,
22129,잠실대교남단삼거리(연등),37.5168178,127.0977784,,,
22134,송파사거리(연등),37.5004529,127.1115332,,,
2214,포스코사거리,37.5068692,127.0566375,,,
22144,한강자이에클라트(연등),37.5323143,126.9551013,,,
2215,현대백화점무역센터,37.507738,127.0594374,,,
22155,용두공원(연등),37.5735061,127.0402186,,,
2216,원혜빌딩,37.5084538,127.0557904,,,
22162,복정역(연등),37.4707865,127.1276468,,,
22168,봉화지구대(연등)1,37.6148818,127.0950241,,,
2217,역삼역,37.500825,127.0369311,,,
22179,신정이펜하우스3단지(연등),37.5137479,126.8272498,,,
2218,송파경찰서,37.501996,127.1281388,,,
2219,르네상스호텔,37.5026162,127.0427921,,,
22199,압구정역(연등)1,37.5282008,127.0283022,,,
222,KT노원지사,37.654824,127.0631036,,,
2220,상계11.13단지,37.6673249,127.0571024,,,
22203,논현역(연등),37.5115284,127.022753,,,
22205,압구정한양아파트(연등)1,37.528651,127.0374066,,,
22207,국기원입구(연등),37.4996489,127.0331074,,,
22212,선릉역(연등),37.5058405,127.0483914,,,
22214,포스코사거리(연등),37.5054421,127.057395,,,
22218,송파경찰서(연등)1,37.5014741,127.1276784,,,
22227,서강대정문(연등),37.5512844,126.9377063,,,
22237,잠실학원사거리(연등),37.506129,127.0895728,,,
2224,장미아파트앞,37.5434516,127.0446802,,,
22246,모래내고가하부(연등),37.5665233,126.9220848,,,
22262,안국동사거리(연등),37.5760636,126.9844131,,,
22268,구로디지털단지역(연등),37.4847394,126.9018838,,,
22269,유통상가정문(연등),37.4426047,126.9036351,,,
2227,서강대정문,37.5515557,126.9376038,,,
22270,강남을지병원(연등),37.5189172,127.0262219,,,
22276,방화2단지(연등)1,37.5739746,126.8204927,,,
22287,베네치아호텔(연등),37.5048762,127.0350431,,,
2229,서교동사거리,37.5527275,126.9182087,,,
2230,방학사거리,37.6628359,127.0424394,,,
22300,한국폴리텍대학입구(연등),37.5454855,126.8446686,,,
22302,증미역(연등)1,37.5577694,126.8639654,,,
2231,월드컵파크207동,37.5759707,126.8911531,,,
22312,잠실토끼굴(연등),37.5166309,127.0773758,,,
22313,선일농원(연등),37.5112095,127.1414543,,,
2232,잠실지구대,37.5117329,127.0825154,,,
22321,광성상가(연등)1,37.5817306,127.0385564,,,
2233,KT앞삼거리,37.51375,127.1073962,,,
22336,보석빌딩(연등),37.4841624,127.045061,,,
22341,장안지구대앞(연등),37.5742213,127.0719183,,,
22349,떡전교사거리(연등),37.5862687,127.0520015,,,
2235,압구정현대아파트,37.5281165,127.0302283,,,
22356,용두4교(연등),37.5740635,127.0360228,,,
22358,우리은행중화(연등),37.6064612,127.0785712,,,
22360,장안지하차도(연등),37.5798188,127.0747783,,,
22362,이문파출소(연등)1,37.5987418,127.0677393,,,
22369,장안아파트입구(연등),37.5722124,127.0737475,,,
2237,잠실학원사거리,37.5075459,127.0907385,,,
22377,장안동근린공원(연등),37.5762714,127.0720479,,,
22379,청량리역(연등)1,37.5806031,127.0458983,,,
2238,한성백제박물관,37.5150149,127.1197509,,,
2241,남2문,37.5139248,127.1228409,,,
22415,가좌삼거리(연등),37.569886,126.9135727,,,
22419,독립문삼호아파트(연등),37.5716157,126.9590177,,,
2242,과학수사연구소,37.5209746,126.837666,,,
22421,동교동삼거리(연등),37.5583715,126.9257768,,,
22449,신촌기차역(연등)1,37.5591279,126.9421012,,,
22458,연대녹지대앞(연등),37.5601697,126.93455,,,
22459,연세대(연등),37.5600824,126.9379651,,,
2246,모래내고가하부,37.5665233,126.9220848,,,
22464,연희IC(연등),37.564288,126.9289894,,,
22471,인왕아파트(연등),37.5850229,126.9482172,,,
22476,충정로역(연등),37.5593389,126.9635945,,,
22477,국민연금북부(연등),37.5621272,126.9640753,,,
22481,독립공원(연등),37.5759207,126.9562014,,,
22499,에쓰오일(연등),37.4500755,126.9033161,,,
22500,굴다리입구(연등),37.5598846,126.9403916,,,
2251,서울문화고교,37.6627132,127.0466201,,,
22517,독산사거리(연등),37.4715094,126.8972828,,,
2252,남부주유소,37.5195416,126.838351,,,
22524,말미사거리(연등),37.466488,126.8986489,,,
22525,독산고개(연등),37.4736929,126.8984349,,,
2253,신정2단지입구,37.514553,126.8312365,,,
22533,벽산밸리5차(연등),37.4779976,126.884524,,,
22538,시흥사거리(연등)1,37.454802,126.9015452,,,
22539,금천구청입구(연등),37.4570207,126.8987726,,,
22564,휘경여중고(연등),37.5848443,127.0677552,,,
22571,상왕십리역(연등)1,37.5654427,127.0300867,,,
22580,기독회관(연등)1,37.5746963,127.0021239,,,
22581,장안LPG(연등),37.5754099,127.0673956,,,
22585,오류IC(연등),37.4968106,126.8457168,,,
22588,서울대병원앞(연등),37.5799989,127.0021641,,,
2259,신수천주교회,37.5474106,126.9343399,,,
226,을지병원,37.6372008,127.0703423,,,
22603,노원주유소앞(연등),37.6210119,127.0745401,,,
2261,신촌현대백화점,37.5560943,126.9342876,,,
2262,안국동사거리,37.5756094,126.9830054,,,
22624,효자동삼거리(연등),37.5830205,126.9736602,,,
22628,봉림교(연등),37.483901,126.9269293,,,
2263,상봉2동,37.5931815,127.0886405,,,
2264,동부시장,37.5942133,127.077249,,,
22650,촬영소사거리(연등)1,37.573801,127.0668931,,,
22654,대방대림아파트(연등),37.5088097,126.9252245,,,
22661,ASEM입구(연등),37.5104913,127.0579539,,,
22669,래미안아트힐(연등),37.4782522,127.0066479,,,
2267,오금고정문앞,37.5034946,127.1296384,,,
22678,갈현우남아파트(연등),37.6184464,126.9060692,,,
2268,구로디지털단지역,37.4844914,126.9027856,,,
2269,유통상가정문,37.4437887,126.9037745,,,
2270,강남을지병원,37.5197164,127.0281168,,,
22705,성신여대입구역(연등)1,37.5935387,127.0179452,,,
2271,유니세프앞,37.5811263,126.9736898,,,
22711,한강진역(연등),37.5404007,127.0018024,,,
22713,송정역(연등),37.5613596,126.810778,,,
2273,마포고정문,37.5593194,126.854226,,,
2276,방화2단지,37.5733203,126.8205065,,,
2277,서남물재생센터,37.5729567,126.8258234,,,
22770,송정건영아파트(연등),37.5565345,127.0721278,,,
22803,강서교육지원청입구(연등),37.5395774,126.8325221,,,
22804,목마공원(연등)1,37.5373497,126.885489,,,
22805,양정고(연등),37.5334207,126.8876623,,,
22806,구파발역정류장(연등),37.6364566,126.9169092,,,
22821,엠버서더호텔(연등),37.55973,127.0028805,,,
22823,동대문역사문화공원(연등),37.5662673,127.00678,,,
22855,약수역(연등),37.5538378,127.0115438,,,
22864,을지로4가(연등)1,37.5673779,126.9980969,,,
22865,을지로5가(연등1),37.5668,127.00028,,,
22866,청계5가(연등),37.5698376,127.0020403,,,
2287,베네치아호텔,37.5060268,127.0344866,,,
22870,퇴계로4가(연등),37.5630092,126.9984635,,,
22871,충무로역(연등),37.5611248,126.9926403,,,
22899,숭례문정류장(연등),37.5582468,126.9735227,,,
2290,선릉공원앞,37.5070125,127.0471447,,,
22902,삼선빌딩(연등1),37.5580674,126.9777238,,,
22903,조선호텔앞(연등),37.5636844,126.9797199,,,
22904,시청(연등),37.5638418,126.9778649,,,
22905,시청역2호선(연등),37.5633687,126.9748938,,,
22932,화곡사거리(연등),37.529616,126.8479608,,,
22938,방화2동(연등),37.5676747,126.8127782,,,
22939,화곡터널남단(연등),37.533703,126.8462964,,,
22946,강남세브란스(연등)1,37.4936563,127.0449672,,,
22947,대치우성아파트(연등),37.5013512,127.068591,,,
22952,청실종합(연등)1,37.4935611,127.0611541,,,
22953,도곡역(연등)1,37.4898661,127.053075,,,
22957,수도방위사령부(연등),37.468401,126.986574,,,
22958,서초구민회관(연등),37.4825733,127.036105,,,
2296,세곡보금자리삼거리,37.4650307,127.0953614,,,
22960,영동1교(연등),37.4717982,127.0386554,,,
22966,휘문고교(연등),37.5048324,127.0638745,,,
22969,국민은행역삼(연등),37.4955975,127.0287826,,,
22979,씨티극장(연등),37.501005,127.0261437,,,
22984,논현경복아파트(연등)1,37.5105844,127.0366663,,,
22985,영동시장(연등),37.5064642,127.0235206,,,
22996,역삼119안전센터(연등),37.4978924,127.043397,,,
23,강남프라자,37.513094,127.0354353,,,
2300,한국폴리텍대학입구,37.5464597,126.8453003,,,
23000,영동2교북단(연등),37.4809275,127.0420243,,,
23005,대웅제약(연등)1,37.5150099,127.0643429,,,
23006,서이초교(연등)1,37.4914932,127.0249087,,,
23007,역삼초교(연등),37.493584,127.0317641,,,
23009,도성초교사거리(연등)1,37.50154,127.0538682,,,
23013,싸리고개공원사거리(연등)1,37.4899793,127.0330263,,,
23014,포이사거리(연등),37.4770288,127.0452883,,,
23016,강남경찰서(연등),37.5100418,127.0673772,,,
23019,도곡1동주민센타(연등),37.4928793,127.0424368,,,
2302,증미역,37.5568464,126.8631096,,,
23021,한티역(연등),37.4951276,127.0534337,,,
23023,대치은마아파트(연등),37.4959019,127.0625127,,,
23024,우성2차201동앞(연등),37.4994392,127.0625795,,,
23027,우리은행포이(연등),37.4789812,127.0490829,,,
23028,개포우성3차아파트(연등)1,37.4822523,127.0553883,,,
23031,수도공고(연등),37.4878263,127.0629598,,,
23033,개포2동주민센터(연등),37.4893697,127.0677771,,,
23039,트럭터미널(연등),37.4615786,127.0372473,,,
2304,여의2교,37.5257387,126.9109904,,,
23045,역삼영동아파트(연등),37.4976195,127.052279,,,
23047,휘문고정문(연등),37.5038915,127.0611079,,,
23048,대치사거리(연등),37.5045022,127.0578997,,,
23049,(구)역삼세무서(연등)1,37.4964708,127.0405227,,,
23050,역삼세무서(연등)1,37.4946158,127.0351974,,,
23054,진흥아파트(연등),37.4976156,127.0239094,,,
23055,서초초교(연등),37.4992017,127.0231408,,,
23056,강남제일병원(연등),37.502316,127.0362534,,,
23068,충신시장(연등),37.573919,127.0066491,,,
23069,방죽마을사거리(연등)1,37.4715302,127.1065652,,,
23070,사당역사거리,37.476553, 126.981667,,,
